City_ID,City,Lat,Lng,Max Temp,Humidity,Cloudiness,Wind Speed,Country,Date
0,Punta Arenas,-53.15,-70.9167,44.71,65,40,44.87,CL,2022-04-03 15:45:26
1,Puerto Ayora,-0.7393,-90.3518,84.16,78,89,10.6,EC,2022-04-03 15:47:01
2,Alindao,5.0267,21.2088,86.81,48,86,5.44,CF,2022-04-03 15:47:02
3,Saldanha,-33.0117,17.9442,73.45,68,0,6.69,ZA,2022-04-03 15:47:02
4,Albany,42.6001,-73.9662,46.17,65,100,1.01,US,2022-04-03 15:44:06
5,Cape Town,-33.9258,18.4232,73.11,66,40,12.66,ZA,2022-04-03 15:42:35
6,Chuy,-33.6971,-53.4616,72.3,66,100,11.86,UY,2022-04-03 15:47:02
7,Valleyview,55.0667,-117.2859,30.24,64,75,13.8,CA,2022-04-03 15:47:03
8,Barrow,71.2906,-156.7887,-7.58,71,100,12.66,US,2022-04-03 15:47:03
9,Rikitea,-23.1203,-134.9692,76.1,64,44,9.04,PF,2022-04-03 15:47:03
10,Ushuaia,-54.8,-68.3,44.22,81,40,25.32,AR,2022-04-03 15:44:52
11,Barstow,34.8986,-117.0228,61.16,51,100,9.75,US,2022-04-03 15:47:04
12,Saint-Philippe,-21.3585,55.7679,74.79,88,100,16.13,RE,2022-04-03 15:47:04
13,Kapaa,22.0752,-159.319,72.12,84,20,18.41,US,2022-04-03 15:44:54
14,Jamestown,42.097,-79.2353,34.02,74,100,14.97,US,2022-04-03 15:45:33
15,Qaanaaq,77.484,-69.3632,14.9,74,96,6.44,GL,2022-04-03 15:44:57
16,Axim,4.8699,-2.2405,85.14,73,100,12.12,GH,2022-04-03 15:44:10
17,Ouro Preto Do Oeste,-10.7481,-62.2158,84.34,70,47,1.68,BR,2022-04-03 15:47:05
18,Meadow Lake,34.8014,-106.5436,65.84,26,43,10.6,US,2022-04-03 15:47:05
19,Airai,-8.9266,125.4092,57.88,84,82,1.48,TL,2022-04-03 15:47:05
20,Vieux-Habitants,16.0589,-61.7659,81.97,60,21,13.6,GP,2022-04-03 15:47:05
21,Nemuro,43.3236,145.575,35.44,85,0,15.3,JP,2022-04-03 15:47:06
22,Castro,-24.7911,-50.0119,66.06,86,100,7.47,BR,2022-04-03 15:45:02
23,Auki,-8.7676,160.7034,77.5,87,87,8.03,SB,2022-04-03 15:46:11
24,Exeter,50.7236,-3.5275,51.85,47,0,5.75,GB,2022-04-03 15:47:06
25,Tuatapere,-46.1333,167.6833,47.89,92,60,2.66,NZ,2022-04-03 15:47:06
26,Lakes Entrance,-37.8811,147.981,58.15,94,100,23.24,AU,2022-04-03 15:47:07
27,Mehamn,71.0357,27.8492,28.35,59,75,13.8,NO,2022-04-03 15:47:07
28,Longyearbyen,78.2186,15.6401,8.44,61,43,20.71,SJ,2022-04-03 15:47:07
29,Nosy Varika,-20.5833,48.5333,76.01,84,1,8.14,MG,2022-04-03 15:47:08
30,Karratha,-20.7377,116.8463,82.71,70,0,11.72,AU,2022-04-03 15:47:08
31,Torbay,47.6666,-52.7314,41.58,81,97,11.99,CA,2022-04-03 15:47:08
32,Busselton,-33.65,115.3333,63.09,82,66,14.81,AU,2022-04-03 15:47:09
33,Nouakchott,18.0858,-15.9785,71.53,69,44,20.89,MR,2022-04-03 15:47:09
34,Imbituba,-28.24,-48.6703,74.82,87,93,11.27,BR,2022-04-03 15:47:09
35,Kenai,60.5544,-151.2583,30.15,88,0,3.44,US,2022-04-03 15:47:09
36,Pavilosta,56.8879,21.1859,39.11,77,43,12.57,LV,2022-04-03 15:47:10
37,Dingle,10.9995,122.6711,76.1,87,60,6.44,PH,2022-04-03 15:47:10
38,Grand Gaube,-20.0064,57.6608,79.38,78,77,7.0,MU,2022-04-03 15:47:10
39,Tasiilaq,65.6145,-37.6368,32.16,86,100,2.77,GL,2022-04-03 15:47:11
40,Mahebourg,-20.4081,57.7,79.25,78,75,12.66,MU,2022-04-03 15:47:11
41,Barranca,-10.75,-77.7667,72.27,73,76,8.48,PE,2022-04-03 15:47:11
42,Dikson,73.5069,80.5464,-0.94,99,86,9.71,RU,2022-04-03 15:46:13
43,Kirensk,57.7853,108.1119,4.78,98,92,3.24,RU,2022-04-03 15:47:12
44,Laerdalsoyri,61.098,7.4816,39.94,86,75,24.16,NO,2022-04-03 15:47:12
45,Mataura,-46.1927,168.8643,44.96,98,57,1.61,NZ,2022-04-03 15:47:13
46,Ipero,-23.3503,-47.6886,87.46,58,35,7.02,BR,2022-04-03 15:43:58
47,Donghai,22.9459,115.642,59.63,69,0,8.84,CN,2022-04-03 15:47:13
48,Bredasdorp,-34.5322,20.0403,65.55,74,62,9.86,ZA,2022-04-03 15:45:05
49,Hobart,-42.8794,147.3294,57.06,93,100,4.61,AU,2022-04-03 15:43:48
50,Kununurra,-15.7667,128.7333,71.58,78,11,0.0,AU,2022-04-03 15:47:14
51,Sorland,67.667,12.6934,33.66,74,90,21.05,NO,2022-04-03 15:47:14
52,Atuona,-9.8,-139.0333,79.27,71,90,23.33,PF,2022-04-03 15:45:19
53,Clyde River,70.4692,-68.5914,10.63,92,20,8.05,CA,2022-04-03 15:47:15
54,Morros,-9.4467,-46.3003,87.15,48,28,7.92,BR,2022-04-03 15:47:15
55,Prado,-17.3411,-39.2208,84.83,58,23,8.3,BR,2022-04-03 15:47:15
56,Raudeberg,61.9875,5.1352,39.87,88,100,3.44,NO,2022-04-03 15:43:14
57,Olinda,-8.0089,-34.8553,80.33,89,75,6.91,BR,2022-04-03 15:47:16
58,Hermanus,-34.4187,19.2345,70.81,66,24,13.02,ZA,2022-04-03 15:47:16
59,Talnakh,69.4865,88.3972,2.62,98,98,4.07,RU,2022-04-03 15:47:16
60,Avarua,-21.2078,-159.775,73.45,100,100,1.14,CK,2022-04-03 15:45:10
61,Upernavik,72.7868,-56.1549,18.21,79,75,6.62,GL,2022-04-03 15:47:17
62,Tuktoyaktuk,69.4541,-133.0374,-29.2,75,20,4.61,CA,2022-04-03 15:47:17
63,Hedaru,-4.5,37.9,80.4,53,95,6.17,TZ,2022-04-03 15:47:17
64,Cidreira,-30.1811,-50.2056,69.31,90,100,13.98,BR,2022-04-03 15:46:03
65,Kasongo-Lunda,-6.4667,16.8167,81.5,71,39,1.45,CD,2022-04-03 15:47:17
66,Yar-Sale,66.8333,70.8333,6.15,96,27,7.58,RU,2022-04-03 15:47:18
67,Lebu,-37.6167,-73.65,56.05,60,7,10.83,CL,2022-04-03 15:46:17
68,Silver City,32.7701,-108.2803,64.69,26,0,9.22,US,2022-04-03 15:47:18
69,Tiksi,71.6872,128.8694,4.68,98,100,7.85,RU,2022-04-03 15:46:44
70,Kodiak,57.79,-152.4072,27.91,86,0,0.0,US,2022-04-03 15:47:19
71,Cayenne,4.9333,-52.3333,82.09,1,75,5.75,GF,2022-04-03 15:47:19
72,Kalianget,-7.05,113.9333,80.83,76,79,2.62,ID,2022-04-03 15:47:19
73,Coihaique,-45.5752,-72.0662,49.95,53,75,8.05,CL,2022-04-03 15:46:42
74,Hithadhoo,-0.6,73.0833,83.75,69,33,4.79,MV,2022-04-03 15:42:36
75,Asyut,27.181,31.1837,89.78,6,100,10.25,EG,2022-04-03 15:47:20
76,Arauco,-37.2463,-73.3175,60.98,41,4,6.22,CL,2022-04-03 15:46:55
77,Thompson,55.7435,-97.8558,24.96,68,75,5.75,CA,2022-04-03 15:45:07
78,Paamiut,61.994,-49.6678,35.31,77,95,4.56,GL,2022-04-03 15:43:20
79,San Patricio,28.017,-97.5169,77.94,55,0,8.61,US,2022-04-03 15:47:20
80,Yumen,40.2833,97.2,48.51,20,0,14.63,CN,2022-04-03 15:47:20
81,Kudahuvadhoo,2.6708,72.8944,83.52,63,12,2.73,MV,2022-04-03 15:47:21
82,Melita,49.2681,-100.9967,33.55,57,100,7.29,CA,2022-04-03 15:47:21
83,Viedma,-40.8135,-62.9967,51.91,59,100,14.85,AR,2022-04-03 15:45:31
84,Bathsheba,13.2167,-59.5167,84.81,58,75,19.57,BB,2022-04-03 15:47:21
85,Chokurdakh,70.6333,147.9167,-20.88,100,59,2.93,RU,2022-04-03 15:47:22
86,Roma,43.2128,-75.4557,38.08,93,100,1.01,US,2022-04-03 15:46:34
87,Itoman,26.1247,127.6694,66.22,79,75,12.66,JP,2022-04-03 15:47:22
88,Lensk,60.7253,114.9278,13.26,91,99,7.38,RU,2022-04-03 15:47:22
89,Bengkulu,-3.8004,102.2655,77.23,81,50,4.68,ID,2022-04-03 15:47:22
90,Madras,13.0878,80.2785,85.98,86,0,8.05,IN,2022-04-03 15:43:04
91,Sitka,57.0531,-135.33,42.69,75,100,23.02,US,2022-04-03 15:47:23
92,Bilma,18.6853,12.9164,101.86,3,100,7.0,NE,2022-04-03 15:47:23
93,Victoria,22.2855,114.1577,66.38,68,0,15.99,HK,2022-04-03 15:45:26
94,Yulara,-25.2406,130.9889,60.64,33,0,5.75,AU,2022-04-03 15:43:22
95,Luwuk,-0.9516,122.7875,78.42,89,100,2.86,ID,2022-04-03 15:47:24
96,Butaritari,3.0707,172.7902,81.18,72,59,14.32,KI,2022-04-03 15:47:24
97,Milkovo,54.7167,158.6167,10.81,86,9,4.74,RU,2022-04-03 15:47:24
98,Port Elizabeth,-33.918,25.5701,70.11,91,75,13.8,ZA,2022-04-03 15:47:24
99,Arraial Do Cabo,-22.9661,-42.0278,82.36,74,75,11.5,BR,2022-04-03 15:47:25
100,Manggar,-2.8833,108.2667,78.44,82,91,4.18,ID,2022-04-03 15:47:25
101,Neryungri,56.6709,124.6491,14.18,89,100,11.83,RU,2022-04-03 15:47:25
102,Mount Gambier,-37.8333,140.7667,48.11,100,17,4.61,AU,2022-04-03 15:47:26
103,Steamboat Springs,40.485,-106.8317,41.34,71,100,3.44,US,2022-04-03 15:45:24
104,Kataysk,56.289,62.5841,38.57,93,100,14.41,RU,2022-04-03 15:45:27
105,Ilulissat,69.2167,-51.1,30.22,69,75,2.3,GL,2022-04-03 15:44:56
106,Carnot,4.9409,15.8665,91.36,34,100,1.52,CF,2022-04-03 15:47:26
107,Aswan,24.0934,32.907,103.3,10,96,3.44,EG,2022-04-03 15:47:26
108,Pevek,69.7008,170.3133,-20.29,95,17,2.82,RU,2022-04-03 15:47:27
109,Bluff,-46.6,168.3333,56.77,73,67,12.03,NZ,2022-04-03 15:47:27
110,Kawalu,-7.3817,108.2082,72.64,97,100,3.4,ID,2022-04-03 15:47:27
111,Richards Bay,-28.783,32.0377,75.96,83,100,6.44,ZA,2022-04-03 15:47:28
112,Harper,4.375,-7.7169,84.42,70,72,11.32,LR,2022-04-03 15:46:57
113,Wanxian,30.8039,108.3897,64.72,63,100,2.91,CN,2022-04-03 15:47:28
114,Martapura,-3.4167,114.85,75.29,100,96,2.3,ID,2022-04-03 15:47:28
115,Bilibino,68.0546,166.4372,-5.01,96,100,3.51,RU,2022-04-03 15:47:28
116,Narsaq,60.9167,-46.05,41.22,61,99,4.14,GL,2022-04-03 15:47:29
117,Macapa,0.0389,-51.0664,78.78,94,100,5.75,BR,2022-04-03 15:45:06
118,Ponta Do Sol,32.6667,-17.1,61.0,86,100,10.92,PT,2022-04-03 15:43:28
119,Never,46.9896,3.159,42.55,52,100,11.5,FR,2022-04-03 15:47:29
120,Broome,42.2506,-75.833,41.2,88,100,3.0,US,2022-04-03 15:47:29
121,Tagusao,9.1924,117.8141,79.92,80,100,0.94,PH,2022-04-03 15:43:37
122,Salalah,17.0151,54.0924,84.29,65,0,5.75,OM,2022-04-03 15:47:30
123,Oktyabrskoye,43.0645,44.7417,68.14,37,51,13.42,RU,2022-04-03 15:47:30
124,Bandarbeyla,9.4942,50.8122,80.42,72,23,8.41,SO,2022-04-03 15:47:30
125,Vila Franca Do Campo,37.7167,-25.4333,63.01,72,14,18.01,PT,2022-04-03 15:47:31
126,Mar Del Plata,-38.0023,-57.5575,72.88,65,0,20.0,AR,2022-04-03 15:47:31
127,Lorengau,-2.0226,147.2712,79.7,80,100,1.86,PG,2022-04-03 15:47:31
128,Nikolskoye,59.7035,30.7861,33.8,90,80,1.81,RU,2022-04-03 15:47:32
129,Bandipur,27.9333,84.4167,66.72,64,67,3.76,NP,2022-04-03 15:47:32
130,Pitimbu,-7.4706,-34.8086,86.59,73,17,14.58,BR,2022-04-03 15:46:27
131,New Norfolk,-42.7826,147.0587,56.7,88,98,0.94,AU,2022-04-03 15:47:32
132,Kilindoni,-7.9139,39.6668,82.89,71,15,9.89,TZ,2022-04-03 15:47:33
133,Fonte Boa,-2.4959,-66.2662,82.56,70,93,2.26,BR,2022-04-03 15:47:33
134,Mareeba,-17.0,145.4333,71.44,94,100,1.86,AU,2022-04-03 15:42:55
135,Borinskoye,52.4569,39.3713,35.4,82,100,6.76,RU,2022-04-03 15:47:33
136,Ahipara,-35.1667,173.1667,61.79,92,3,2.98,NZ,2022-04-03 15:47:33
137,Turukhansk,65.8167,87.9833,-1.34,99,20,2.82,RU,2022-04-03 15:47:34
138,Half Moon Bay,37.4636,-122.4286,63.61,80,20,4.61,US,2022-04-03 15:47:28
139,Nanortalik,60.1432,-45.2371,38.1,81,99,3.62,GL,2022-04-03 15:44:57
140,Geraldton,-28.7667,114.6,75.61,83,75,10.36,AU,2022-04-03 15:47:34
141,Dzhebariki-Khaya,62.2167,135.8,2.5,99,91,1.48,RU,2022-04-03 15:47:35
142,Yellowknife,62.456,-114.3525,10.42,77,20,12.66,CA,2022-04-03 15:47:35
143,Krasnoselkup,65.7,82.4667,-0.18,100,69,3.78,RU,2022-04-03 15:47:35
144,Bambous Virieux,-20.3428,57.7575,79.21,78,75,12.66,MU,2022-04-03 15:47:35
145,Yarmouth,41.7057,-70.2286,52.14,75,75,5.01,US,2022-04-03 15:47:36
146,Georgetown,5.4112,100.3354,78.73,93,20,1.14,MY,2022-04-03 15:44:32
147,Terrace,54.5163,-128.6035,35.51,93,75,16.11,CA,2022-04-03 15:47:36
148,Walvis Bay,-22.9575,14.5053,63.55,72,40,8.05,NA,2022-04-03 15:47:36
149,Billings,45.7833,-108.5007,46.29,44,0,21.85,US,2022-04-03 15:43:46
150,Vardo,70.3705,31.1107,28.38,93,40,4.61,NO,2022-04-03 15:47:37
151,Saint-Pierre,-21.3393,55.4781,74.91,94,75,4.61,RE,2022-04-03 15:47:37
152,Podor,16.6527,-14.9587,91.35,29,0,4.61,MR,2022-04-03 15:47:37
153,Cockburn Town,21.4612,-71.1419,82.36,69,40,11.5,TC,2022-04-03 15:47:38
154,Vaini,-21.2,-175.2,73.56,100,20,2.3,TO,2022-04-03 15:47:38
155,Morondava,-20.2833,44.2833,81.39,67,0,11.03,MG,2022-04-03 15:46:24
156,Alta Floresta,-9.8756,-56.0861,84.02,74,75,3.44,BR,2022-04-03 15:47:38
157,Nsanje,-16.92,35.262,76.93,90,76,2.89,MW,2022-04-03 15:47:39
158,Portland,45.5234,-122.6762,46.83,86,100,6.91,US,2022-04-03 15:45:07
159,Dao,11.3937,122.6856,76.55,87,78,3.85,PH,2022-04-03 15:47:39
160,Leningradskiy,69.3833,178.4167,-21.77,100,99,3.09,RU,2022-04-03 15:47:39
161,La Rioja,42.25,-2.5,40.78,63,100,12.59,ES,2022-04-03 15:42:49
162,Palana,59.1167,159.9667,19.31,96,100,5.44,RU,2022-04-03 15:47:40
163,Myitkyina,25.3833,97.4,71.82,59,26,1.81,MM,2022-04-03 15:47:40
164,Great Falls,47.5002,-111.3008,42.67,47,0,14.97,US,2022-04-03 15:43:28
165,Iqaluit,63.7506,-68.5145,26.33,86,75,17.27,CA,2022-04-03 15:45:13
166,Codrington,-38.2667,141.9667,59.68,80,95,5.37,AU,2022-04-03 15:45:26
167,Aranda De Duero,41.6704,-3.6892,43.63,39,94,18.21,ES,2022-04-03 15:47:40
168,Tazovskiy,67.4667,78.7,-5.67,100,31,5.5,RU,2022-04-03 15:47:41
169,Khatanga,71.9667,102.5,-23.6,100,99,5.08,RU,2022-04-03 15:47:41
170,Sidi Ali,36.0998,0.4206,52.21,63,100,24.96,DZ,2022-04-03 15:47:41
171,Maragogi,-9.0122,-35.2225,83.48,69,37,11.77,BR,2022-04-03 15:47:42
172,Provideniya,64.3833,-173.3,1.4,74,0,9.17,RU,2022-04-03 15:47:42
173,Nouadhibou,20.931,-17.0347,71.58,64,0,12.66,MR,2022-04-03 15:46:30
174,Mandalgovi,45.7625,106.2708,42.82,19,100,6.96,MN,2022-04-03 15:47:42
175,Meulaboh,4.1363,96.1285,73.94,88,100,6.22,ID,2022-04-03 15:47:43
176,Kikwit,-5.041,18.8162,80.96,74,54,2.95,CD,2022-04-03 15:47:43
177,Fare,-16.7,-151.0167,81.16,77,15,8.68,PF,2022-04-03 15:47:43
178,Cabo San Lucas,22.8909,-109.9124,71.62,68,0,9.22,MX,2022-04-03 15:45:07
179,Ahuimanu,21.4447,-157.8378,73.85,73,40,18.41,US,2022-04-03 15:47:43
180,Namibe,-15.1961,12.1522,73.53,78,96,9.84,AO,2022-04-03 15:47:44
181,San Lorenzo,-25.3333,-57.5333,83.59,65,40,13.0,PY,2022-04-03 15:42:54
182,Sindor,62.8629,51.8905,24.6,95,100,10.02,RU,2022-04-03 15:47:44
183,Westport,41.1415,-73.3579,49.01,76,100,9.22,US,2022-04-03 15:45:02
184,Port Alfred,-33.5906,26.891,73.18,83,56,5.01,ZA,2022-04-03 15:47:44
185,Olafsvik,64.8945,-23.7142,40.75,88,100,10.42,IS,2022-04-03 15:47:45
186,Kruisfontein,-34.0033,24.7314,67.89,72,81,4.79,ZA,2022-04-03 15:45:14
187,Bethel,41.3712,-73.414,48.45,74,100,8.05,US,2022-04-03 15:47:45
188,Lahaina,20.8783,-156.6825,73.81,82,41,12.12,US,2022-04-03 15:47:45
189,Egvekinot,66.3167,-179.1667,-11.81,87,14,18.95,RU,2022-04-03 15:46:12
190,Hilo,19.7297,-155.09,71.26,91,100,10.36,US,2022-04-03 15:47:46
191,Wabana,47.6332,-52.9481,41.38,82,99,23.96,CA,2022-04-03 15:47:46
192,Stornoway,58.2093,-6.3865,49.96,90,100,18.41,GB,2022-04-03 15:47:46
193,Grindavik,63.8424,-22.4338,43.27,87,75,18.41,IS,2022-04-03 15:47:47
194,Lampazos De Naranjo,27.0167,-100.5167,78.28,59,4,9.31,MX,2022-04-03 15:47:47
195,Isangel,-19.55,169.2667,75.31,88,100,3.44,VU,2022-04-03 15:47:47
196,Bakchar,57.0186,82.0711,28.98,97,100,3.0,RU,2022-04-03 15:47:47
197,Batemans Bay,-35.7167,150.1833,64.09,53,34,9.08,AU,2022-04-03 15:47:48
198,Esperance,-33.8667,121.9,64.24,88,100,9.6,AU,2022-04-03 15:45:14
199,Rio Gallegos,-51.6226,-69.2181,53.65,43,40,29.93,AR,2022-04-03 15:47:48
200,Coihueco,-36.6167,-71.8333,56.14,47,0,20.71,CL,2022-04-03 15:45:58
201,Buraydah,26.326,43.975,95.45,8,100,3.58,SA,2022-04-03 15:47:48
202,Palmerston North,-40.35,175.6167,52.05,97,67,1.9,NZ,2022-04-03 15:47:49
203,Ingham,42.6,-84.3833,38.01,88,100,4.61,US,2022-04-03 15:47:49
204,Fort Nelson,58.8053,-122.7002,15.39,79,75,3.44,CA,2022-04-03 15:47:49
205,Andros Town,24.7,-77.7667,80.56,64,14,7.99,BS,2022-04-03 15:47:50
206,Tucson,32.2217,-110.9265,73.38,31,20,6.91,US,2022-04-03 15:46:15
207,East London,-33.0153,27.9116,76.14,78,0,14.97,ZA,2022-04-03 15:47:50
208,Nebolchi,59.1239,33.3454,27.27,90,88,2.1,RU,2022-04-03 15:47:50
209,Haines Junction,60.7522,-137.5108,21.15,93,83,1.14,CA,2022-04-03 15:47:51
210,Newport,51.5877,-2.9984,51.69,57,100,1.99,GB,2022-04-03 15:45:26
211,Makat,47.6469,53.3463,66.72,34,47,3.83,KZ,2022-04-03 15:47:51
212,Uvira,-3.4067,29.1458,76.32,81,28,4.27,CD,2022-04-03 15:47:51
213,Paita,-5.0892,-81.1144,75.22,71,38,12.1,PE,2022-04-03 15:47:52
214,Acapulco,16.8634,-99.8901,82.42,51,5,4.36,MX,2022-04-03 15:47:52
215,Fairbanks,64.8378,-147.7164,10.92,77,40,3.44,US,2022-04-03 15:46:41
216,Katsuura,35.1333,140.3,50.02,70,100,18.86,JP,2022-04-03 15:47:52
217,Kaitangata,-46.2817,169.8464,46.45,95,76,4.99,NZ,2022-04-03 15:45:13
218,Caravelas,-17.7125,-39.2481,85.21,59,8,8.3,BR,2022-04-03 15:47:53
219,Jardim,-21.4803,-56.1381,88.11,51,18,9.35,BR,2022-04-03 15:47:53
220,Mahon,39.8885,4.2658,50.56,53,75,18.41,ES,2022-04-03 15:47:53
221,Ostersund,63.1792,14.6357,34.61,80,0,6.91,SE,2022-04-03 15:47:53
222,Riyadh,24.6877,46.7219,93.34,9,70,9.48,SA,2022-04-03 15:45:21
223,Carnarvon,-24.8667,113.6333,78.87,83,100,12.66,AU,2022-04-03 15:47:54
224,Taltal,-25.4,-70.4833,68.31,66,0,7.58,CL,2022-04-03 15:45:11
225,Ribeira Grande,38.5167,-28.7,64.8,72,40,13.8,PT,2022-04-03 15:47:54
226,Dezhou,37.4486,116.2925,54.1,39,0,11.45,CN,2022-04-03 15:47:54
227,Mogadishu,2.0371,45.3438,81.91,78,78,15.19,SO,2022-04-03 15:47:55
228,Te Anau,-45.4167,167.7167,47.01,82,56,0.4,NZ,2022-04-03 15:47:55
229,Disna,55.568,28.1971,34.39,49,13,6.29,BY,2022-04-03 15:47:55
230,Mahenge,-8.6833,36.7167,67.03,86,67,0.85,TZ,2022-04-03 15:47:56
231,Humaita,-7.5061,-63.0208,86.27,61,96,1.72,BR,2022-04-03 15:47:56
232,Tessalit,20.1986,1.0114,101.25,7,2,6.49,ML,2022-04-03 15:47:56
233,Ladario,-19.0047,-57.6017,84.49,70,20,10.36,BR,2022-04-03 15:47:57
234,Port Blair,11.6667,92.75,82.44,78,40,6.91,IN,2022-04-03 15:47:24
235,Ngunguru,-35.6167,174.5,62.67,88,11,3.31,NZ,2022-04-03 15:47:57
236,Rizhao,35.4275,119.4553,46.63,79,2,6.26,CN,2022-04-03 15:47:57
237,Hasaki,35.7333,140.8333,48.6,63,100,19.22,JP,2022-04-03 15:47:57
238,Buckeye,33.3703,-112.5838,73.36,32,0,0.0,US,2022-04-03 15:45:01
239,Aklavik,68.2191,-135.0107,-18.4,69,20,5.75,CA,2022-04-03 15:47:58
240,Alice Springs,-23.7,133.8833,54.95,47,0,0.0,AU,2022-04-03 15:47:30
241,Swift Current,50.2834,-107.8014,31.01,93,0,10.36,CA,2022-04-03 15:44:31
242,Acarau,-2.8856,-40.12,82.67,77,77,11.45,BR,2022-04-03 15:47:58
243,Torbat-E Jam,35.244,60.6225,71.49,17,1,1.92,IR,2022-04-03 15:47:59
244,Iquique,-20.2208,-70.1431,68.04,65,0,8.37,CL,2022-04-03 15:47:59
245,Burnie,-41.0667,145.9167,56.52,74,63,3.56,AU,2022-04-03 15:47:59
246,Mbulu,-3.85,35.5333,64.89,66,99,6.35,TZ,2022-04-03 15:47:59
247,Kaeo,-35.1,173.7833,66.33,91,68,1.63,NZ,2022-04-03 15:48:00
248,Bol,13.4586,14.7147,86.36,43,76,8.63,TD,2022-04-03 15:48:00
249,Pashiya,58.4324,58.2562,38.26,100,100,12.5,RU,2022-04-03 15:48:00
250,Plastun,44.7561,136.2939,37.62,70,0,4.45,RU,2022-04-03 15:48:01
251,Jacqueville,5.2052,-4.4146,82.76,78,100,13.76,CI,2022-04-03 15:48:01
252,Conakry,9.538,-13.6773,87.87,35,66,13.8,GN,2022-04-03 15:48:01
253,Makarov,48.6333,142.8,40.55,72,80,14.07,RU,2022-04-03 15:48:01
254,Margate,51.3813,1.3862,48.87,46,40,1.01,GB,2022-04-03 15:48:02
255,Begles,44.8084,-0.5481,47.19,51,100,13.8,FR,2022-04-03 15:48:02
256,Faanui,-16.4833,-151.75,81.1,76,11,8.16,PF,2022-04-03 15:48:02
257,Jumla,29.2747,82.1838,48.96,43,2,4.74,NP,2022-04-03 15:48:03
258,Morgan City,29.6994,-91.2068,75.99,73,0,10.36,US,2022-04-03 15:48:03
259,Oxelosund,58.6706,17.1015,44.98,33,0,14.97,SE,2022-04-03 15:48:03
260,Tsaratanana,-16.7833,47.65,76.15,72,4,1.92,MG,2022-04-03 15:48:04
261,Aksaray,38.3726,34.0254,60.48,37,100,16.84,TR,2022-04-03 15:48:04
262,Aktau,43.65,51.2,63.18,70,34,6.98,KZ,2022-04-03 15:48:04
263,Quatre Cocos,-20.2078,57.7625,79.09,79,87,14.25,MU,2022-04-03 15:48:05
264,Dubna,56.7333,37.1667,28.22,80,100,7.99,RU,2022-04-03 15:48:05
265,Mildura,-34.2,142.15,55.36,76,25,0.0,AU,2022-04-03 15:48:05
266,Sept-Iles,50.2001,-66.3821,37.06,56,20,16.11,CA,2022-04-03 15:48:06
267,Manadhoo,5.7667,73.3833,83.59,67,12,3.06,MV,2022-04-03 15:48:06
268,Siyabuswa,-25.1132,29.0445,75.43,51,89,12.91,ZA,2022-04-03 15:48:06
269,Lasa,46.6166,10.7002,44.69,82,99,1.01,IT,2022-04-03 15:48:06
270,Vylkove,45.4021,29.586,46.47,62,92,16.55,UA,2022-04-03 15:48:07
271,Puyang,29.4603,119.8861,46.24,73,5,3.2,CN,2022-04-03 15:48:07
272,Ust-Uda,54.1742,103.0304,22.3,96,100,1.3,RU,2022-04-03 15:48:07
273,Carinhanha,-14.3047,-43.765,94.96,26,10,9.46,BR,2022-04-03 15:48:08
274,Simi,9.5667,-12.35,101.01,19,91,4.38,SL,2022-04-03 15:48:08
275,Tres Pontas,-21.3667,-45.5125,74.84,73,86,9.26,BR,2022-04-03 15:48:08
276,Severo-Kurilsk,50.6789,156.125,29.07,86,23,12.68,RU,2022-04-03 15:48:08
277,Muncar,-8.4333,114.3333,75.31,92,32,3.2,ID,2022-04-03 15:48:09
278,Jalu,29.0331,21.5482,90.64,9,0,10.33,LY,2022-04-03 15:48:09
279,Qaqortoq,60.7167,-46.0333,43.84,61,98,3.98,GL,2022-04-03 15:48:09
280,Mayo,38.8876,-76.5119,60.91,52,0,10.0,US,2022-04-03 15:43:17
281,Igarka,67.4667,86.5833,-4.61,100,60,2.3,RU,2022-04-03 15:43:10
282,Mizdah,31.4451,12.9801,77.67,24,0,13.91,LY,2022-04-03 15:48:10
283,Sistranda,63.7256,8.834,33.76,61,100,16.15,NO,2022-04-03 15:48:10
284,Puerto Maldonado,-12.6,-69.1833,82.8,61,20,3.44,PE,2022-04-03 15:48:10
285,Cherskiy,68.75,161.3,-4.29,99,100,4.16,RU,2022-04-03 15:48:11
286,Sucre,-19.0333,-65.2627,64.9,57,64,7.81,BO,2022-04-03 15:48:11
287,Shahreza,32.0339,51.8794,69.37,14,1,0.98,IR,2022-04-03 15:48:11
288,Sereflikochisar,38.9393,33.5386,60.46,37,100,27.83,TR,2022-04-03 15:48:11
289,Kodinar,20.7903,70.7031,78.15,76,0,9.78,IN,2022-04-03 15:48:12
290,Pasinler,39.9803,41.6764,50.99,77,100,3.31,TR,2022-04-03 15:48:12
291,Lata,40.1629,-8.3327,57.81,23,13,12.12,PT,2022-04-03 15:48:12
292,Manokwari,-0.8667,134.0833,78.1,81,100,3.56,ID,2022-04-03 15:48:13
293,La Paz,-16.5,-68.15,53.58,66,75,2.3,BO,2022-04-03 15:45:20
294,Komsomolskiy,40.4272,71.7189,65.12,45,3,2.3,UZ,2022-04-03 15:43:42
295,Salinas,36.6777,-121.6555,52.32,85,100,4.61,US,2022-04-03 15:45:21
296,Mount Isa,-20.7333,139.5,67.77,37,1,0.0,AU,2022-04-03 15:48:13
297,Hamilton,39.1834,-84.5333,49.64,65,20,8.05,US,2022-04-03 15:45:11
298,Progreso,21.2833,-89.6667,88.09,51,0,7.52,MX,2022-04-03 15:48:14
299,Tual,-5.6667,132.75,82.26,67,26,6.04,ID,2022-04-03 15:48:14
300,Mae Hong Son,19.3003,97.9685,73.71,58,19,3.0,TH,2022-04-03 15:48:14
301,Zaozerne,45.1582,33.2787,47.34,84,98,11.12,UA,2022-04-03 15:48:14
302,San Rafael,-34.6177,-68.3301,61.11,25,5,11.97,AR,2022-04-03 15:48:01
303,Atambua,-9.1061,124.8925,71.78,88,71,3.4,ID,2022-04-03 15:48:15
304,Melo,-32.3667,-54.1833,66.13,88,100,10.74,UY,2022-04-03 15:48:15
305,Muslyumovo,55.3033,53.1947,39.27,100,100,9.19,RU,2022-04-03 15:48:15
306,Taoudenni,22.6783,-3.9836,103.8,6,0,24.56,ML,2022-04-03 15:48:16
307,Embu,-23.6489,-46.8522,78.12,92,46,6.33,BR,2022-04-03 15:43:59
308,Muroto,33.2833,134.15,55.47,75,99,11.72,JP,2022-04-03 15:48:16
309,Palora,-1.7,-77.9333,75.31,66,76,4.14,EC,2022-04-03 15:48:16
310,Anadyr,64.75,177.4833,-1.7,71,51,20.13,RU,2022-04-03 15:48:17
311,Tripoli,32.8752,13.1875,63.88,66,6,26.04,LY,2022-04-03 15:43:24
312,Lavrentiya,65.5833,-171.0,-13.54,94,30,10.51,RU,2022-04-03 15:47:37
313,Coquimbo,-29.9533,-71.3436,62.33,72,20,6.91,CL,2022-04-03 15:45:45
314,Oriximina,-1.7656,-55.8661,74.8,96,100,4.21,BR,2022-04-03 15:48:17
315,Wollongong,-34.4333,150.8833,62.26,79,67,7.96,AU,2022-04-03 15:47:59
316,Ancud,-41.8697,-73.8203,50.23,68,65,7.58,CL,2022-04-03 15:47:00
317,Fereydun Kenar,36.6864,52.5225,64.65,52,0,3.58,IR,2022-04-03 15:48:18
318,Nikki,9.9401,3.2108,103.03,15,88,3.4,BJ,2022-04-03 15:48:18
319,Chapais,49.7834,-74.8492,35.38,86,100,3.24,CA,2022-04-03 15:48:18
320,Dedougou,12.4667,-3.4667,103.35,17,100,5.01,BF,2022-04-03 15:48:19
321,Abu Kamal,34.4506,40.9171,79.81,20,100,10.45,SY,2022-04-03 15:48:19
322,Karwar,14.8,74.1333,80.38,78,94,8.5,IN,2022-04-03 15:48:19
323,Palasa,18.7667,84.4167,77.86,84,22,8.19,IN,2022-04-03 15:48:19
324,Okitipupa,6.5047,4.7839,89.24,55,85,9.71,NG,2022-04-03 15:48:20
325,Port Said,31.2565,32.2841,69.78,83,0,5.75,EG,2022-04-03 15:48:20
326,Deputatskiy,69.3,139.9,-18.85,99,41,2.46,RU,2022-04-03 15:48:20
327,Baghdad,33.3406,44.4009,91.31,12,0,4.61,IQ,2022-04-03 15:47:42
328,Buala,-8.145,159.5921,78.12,85,87,8.61,SB,2022-04-03 15:43:49
329,Ketchikan,55.3422,-131.6461,39.67,87,100,11.5,US,2022-04-03 15:48:21
330,Marawi,7.9986,124.2928,68.23,96,98,0.81,PH,2022-04-03 15:48:21
331,Havre-Saint-Pierre,50.2334,-63.5986,37.76,52,0,12.66,CA,2022-04-03 15:48:21
332,Praia Da Vitoria,38.7333,-27.0667,65.75,77,20,17.13,PT,2022-04-03 15:48:22
333,Jacareacanga,-6.2222,-57.7528,82.53,85,78,2.57,BR,2022-04-03 15:48:22
334,Gamboula,4.1178,15.1393,84.69,50,98,4.03,CF,2022-04-03 15:48:22
335,Alofi,-19.0595,-169.9187,69.69,94,74,2.3,NU,2022-04-03 15:48:23
336,Shingu,33.7333,135.9833,52.83,87,100,7.14,JP,2022-04-03 15:48:23
337,Lompoc,34.6391,-120.4579,58.57,89,100,5.75,US,2022-04-03 15:48:23
338,Luganville,-15.5333,167.1667,77.63,93,100,14.79,VU,2022-04-03 15:48:23
339,Barddhaman,23.25,87.85,79.36,82,0,17.05,IN,2022-04-03 15:48:24
340,Avera,33.194,-82.5271,68.38,38,0,13.11,US,2022-04-03 15:48:24
341,Houma,29.5958,-90.7195,73.0,68,0,7.0,US,2022-04-03 15:48:24
342,Hami,42.8,93.45,57.0,22,3,11.16,CN,2022-04-03 15:48:25
343,Kingsville,27.5159,-97.8561,77.09,73,75,10.36,US,2022-04-03 15:43:39
344,Itarema,-2.9248,-39.9167,82.92,77,61,11.77,BR,2022-04-03 15:48:25
345,Mikhaylovka,50.06,43.2379,51.78,73,87,5.41,RU,2022-04-03 15:48:25
346,Shache,38.4167,77.2406,64.76,15,90,8.25,CN,2022-04-03 15:48:26
347,Antofagasta,-23.65,-70.4,72.21,49,2,8.37,CL,2022-04-03 15:48:26
348,Touros,-5.1989,-35.4608,83.35,73,96,14.34,BR,2022-04-03 15:47:21
349,Norman Wells,65.282,-126.8329,-18.36,63,75,0.0,CA,2022-04-03 15:48:26
350,Belyy Yar,53.6039,91.3903,36.86,100,100,2.24,RU,2022-04-03 15:48:26
351,Muravlenko,63.7898,74.523,14.09,88,100,11.05,RU,2022-04-03 15:44:01
352,Basco,20.4487,121.9702,73.9,81,100,32.84,PH,2022-04-03 15:48:27
353,Saskylakh,71.9167,114.0833,-6.03,98,100,8.03,RU,2022-04-03 15:48:04
354,Talant,47.3369,5.0089,42.42,56,100,10.36,FR,2022-04-03 15:48:27
355,Asosa,10.0667,34.5333,81.73,25,64,3.56,ET,2022-04-03 15:48:27
356,Itaqui,-29.1253,-56.5531,67.5,97,100,3.51,BR,2022-04-03 15:47:34
357,Puerto Quijarro,-17.7833,-57.7667,92.17,44,7,6.64,BO,2022-04-03 15:48:28
358,Kaputa,-8.4689,29.6619,74.55,79,100,2.62,ZM,2022-04-03 15:48:28
359,Matara,5.9485,80.5353,78.67,82,6,3.15,LK,2022-04-03 15:48:28
360,Big Spring,32.2504,-101.4787,74.1,44,0,21.85,US,2022-04-03 15:44:37
361,Tadine,-21.55,167.8833,79.2,85,100,12.73,NC,2022-04-03 15:48:29
362,Mezen,65.8522,44.24,17.89,94,100,4.07,RU,2022-04-03 15:48:29
363,Cap Malheureux,-19.9842,57.6142,79.47,78,69,7.0,MU,2022-04-03 15:48:29
364,Alzamay,55.5562,98.6644,24.8,88,100,2.04,RU,2022-04-03 15:48:30
365,Veraval,20.9,70.3667,78.51,78,0,8.99,IN,2022-04-03 15:48:30
366,Lisakovsk,52.5369,62.4936,39.2,87,100,15.59,KZ,2022-04-03 15:48:30
367,Inhambane,-23.865,35.3833,82.38,74,20,11.99,MZ,2022-04-03 15:48:31
368,Kavieng,-2.5744,150.7967,80.24,82,94,5.84,PG,2022-04-03 15:48:31
369,Zgierz,51.8556,19.4062,39.38,43,0,14.0,PL,2022-04-03 15:46:55
370,Ortigueira,-24.2083,-50.9494,75.61,64,72,7.47,BR,2022-04-03 15:48:31
371,Balabac,7.9868,117.0645,80.65,78,84,6.17,PH,2022-04-03 15:48:31
372,Enterprise,36.0252,-115.2419,68.85,30,75,5.75,US,2022-04-03 15:48:32
373,Vanimo,-2.6741,141.3028,78.37,85,99,0.94,PG,2022-04-03 15:48:32
374,Dongargaon,20.9667,80.85,88.38,17,0,3.38,IN,2022-04-03 15:48:32
375,Najran,17.4924,44.1277,84.85,10,2,9.66,SA,2022-04-03 15:48:33
376,Shihezi,44.3,86.0333,59.59,35,0,4.83,CN,2022-04-03 15:48:33
377,Sierpc,52.8568,19.6691,41.45,39,98,9.06,PL,2022-04-03 15:48:33
378,Bubaque,11.2833,-15.8333,75.38,71,100,17.98,GW,2022-04-03 15:45:49
379,Manicore,-5.8092,-61.3003,74.19,94,100,0.94,BR,2022-04-03 15:48:34
380,Saint George,37.1041,-113.5841,62.44,35,75,3.44,US,2022-04-03 15:44:11
381,Sehore,23.2,77.0833,84.47,11,2,6.71,IN,2022-04-03 15:48:34
382,Zyryanovsk,49.7386,84.2719,27.73,98,97,1.03,KZ,2022-04-03 15:48:34
383,Porto Novo,6.4965,2.6036,89.42,64,76,12.37,BJ,2022-04-03 15:48:35
384,Innisfail,-17.5333,146.0333,75.11,90,86,3.78,AU,2022-04-03 15:48:36
385,Chicama,-7.8447,-79.1469,66.74,71,88,5.44,PE,2022-04-03 15:48:36
386,Garoua,9.3,13.4,105.57,10,96,6.69,CM,2022-04-03 15:48:36
387,Khorixas,-20.3667,14.9667,76.48,38,1,20.47,NA,2022-04-03 15:48:37
388,Hinatuan,8.3722,126.3342,76.14,92,72,4.41,PH,2022-04-03 15:48:37
389,Kungsbacka,57.4872,12.0761,44.33,70,95,13.0,SE,2022-04-03 15:48:37
390,Constitucion,-35.3333,-72.4167,61.63,42,2,15.84,CL,2022-04-03 15:48:37
391,Moose Factory,51.2585,-80.6094,26.6,54,100,11.5,CA,2022-04-03 15:48:38
392,Tura,25.5198,90.2201,72.12,89,6,7.23,IN,2022-04-03 15:48:38
393,Buritis,-15.6178,-46.4233,91.0,28,2,9.98,BR,2022-04-03 15:48:38
394,Naze,28.3667,129.4833,58.12,66,100,12.17,JP,2022-04-03 15:48:39
395,Parabel,58.6978,81.4825,14.99,93,94,5.86,RU,2022-04-03 15:48:39
396,Mulege,26.8833,-111.9833,72.12,31,2,2.1,MX,2022-04-03 15:48:39
397,Leshukonskoye,64.8989,45.7622,21.63,90,97,4.59,RU,2022-04-03 15:48:39
398,Tateyama,34.9833,139.8667,49.93,87,75,12.66,JP,2022-04-03 15:48:40
399,Kropotkin,45.4375,40.5756,56.3,66,52,10.45,RU,2022-04-03 15:48:40
400,Barhi,23.9,80.8,87.67,8,0,1.12,IN,2022-04-03 15:48:40
401,Cobourg,50.2667,10.9667,42.37,43,100,1.99,DE,2022-04-03 15:48:41
402,Tukan,53.8409,57.4552,43.54,82,100,9.8,RU,2022-04-03 15:48:41
403,Navahrudak,53.6,25.8333,32.83,51,75,8.19,BY,2022-04-03 15:48:41
404,Jimenez,28.3333,-105.4,72.86,13,79,1.83,MX,2022-04-03 15:48:41
405,Lethem,3.3803,-59.7968,82.92,64,100,10.87,GY,2022-04-03 15:48:42
406,Kalmunai,7.4167,81.8167,80.51,77,7,5.3,LK,2022-04-03 15:48:42
407,Port Hedland,-20.3167,118.5667,80.65,83,0,9.22,AU,2022-04-03 15:48:42
408,Bulalacao,12.3254,121.3435,79.25,79,21,18.3,PH,2022-04-03 15:48:43
409,Aksu,41.1231,80.2644,61.86,26,0,0.98,CN,2022-04-03 15:48:43
410,Doha,25.2867,51.5333,88.11,53,0,8.05,QA,2022-04-03 15:48:43
411,Horsham,51.064,-0.3272,50.29,46,20,11.5,GB,2022-04-03 15:48:44
412,Skibbereen,51.55,-9.2667,52.11,66,49,11.74,IE,2022-04-03 15:48:44
413,Jonkoping,57.7814,14.1562,44.31,42,20,13.8,SE,2022-04-03 15:47:12
414,Belaya Gora,68.5333,146.4167,-19.8,100,70,1.36,RU,2022-04-03 15:48:44
415,Bardiyah,31.7561,25.0865,68.59,49,49,9.08,LY,2022-04-03 15:48:45
416,Seybaplaya,19.65,-90.6667,84.83,56,25,5.95,MX,2022-04-03 15:48:45
417,Vila Velha,-20.3297,-40.2925,85.95,74,40,9.22,BR,2022-04-03 15:48:45
418,Santa Luzia,-19.7697,-43.8514,80.74,71,75,11.5,BR,2022-04-03 15:48:46
419,Ndele,8.4109,20.6473,91.27,31,96,3.74,CF,2022-04-03 15:48:46
420,Tigil,57.8,158.6667,11.39,97,96,4.99,RU,2022-04-03 15:48:46
421,Byron Bay,-28.65,153.6167,66.09,86,21,9.84,AU,2022-04-03 15:48:46
422,Rio Grande,-32.035,-52.0986,69.91,94,100,13.69,BR,2022-04-03 15:48:47
423,Barra Do Corda,-5.5,-45.25,83.53,79,37,7.4,BR,2022-04-03 15:48:47
424,Puerto Carreno,6.189,-67.4859,87.78,58,40,3.44,CO,2022-04-03 15:44:12
425,Erenhot,43.6475,111.9767,49.19,21,96,15.48,CN,2022-04-03 15:48:47
426,Cabinda,-5.55,12.2,82.38,77,97,4.41,AO,2022-04-03 15:48:48
427,Khartoum,15.5518,32.5324,104.02,14,10,7.85,SD,2022-04-03 15:48:48
428,Luderitz,-26.6481,15.1594,64.49,78,0,12.15,NA,2022-04-03 15:48:48
429,Oakham,52.6667,-0.7333,51.19,54,100,9.22,GB,2022-04-03 15:48:48
430,Arbagar,51.9438,116.2805,25.66,48,75,9.31,RU,2022-04-03 15:48:49
431,La Macarena,2.1837,-73.7849,82.99,66,96,4.61,CO,2022-04-03 15:48:49
432,Koslan,63.4564,48.8989,25.68,95,100,10.51,RU,2022-04-03 15:48:49
433,Gat,31.61,34.7642,70.79,33,63,7.38,IL,2022-04-03 15:48:50
434,Slave Lake,55.2834,-114.769,28.38,69,0,9.22,CA,2022-04-03 15:44:30
435,Aljezur,37.3191,-8.8033,61.9,29,100,11.95,PT,2022-04-03 15:48:50
436,Penzance,50.1186,-5.5371,47.08,58,59,8.14,GB,2022-04-03 15:48:50
437,Kiunga,-6.1219,141.2906,73.65,93,93,0.85,PG,2022-04-03 15:48:51
438,Lagoa,39.05,-27.9833,59.31,79,5,21.34,PT,2022-04-03 15:48:51
439,Rawson,-43.3002,-65.1023,58.82,37,100,21.83,AR,2022-04-03 15:48:51
440,Baoding,38.8511,115.4903,51.46,38,0,5.03,CN,2022-04-03 15:48:51
441,Maumere,-8.6199,122.2111,78.76,79,49,3.53,ID,2022-04-03 15:48:52
442,Kirakira,-10.4544,161.9205,80.19,85,94,7.83,SB,2022-04-03 15:48:52
443,Abnub,27.2696,31.1511,89.82,6,100,10.42,EG,2022-04-03 15:48:52
444,Kavaratti,10.5669,72.642,82.78,72,62,8.01,IN,2022-04-03 15:48:53
445,Kaka,37.3482,59.6143,75.43,16,10,4.41,TM,2022-04-03 15:39:27
446,Pisco,-13.7,-76.2167,69.85,73,0,9.22,PE,2022-04-03 15:36:07
447,Miandrivazo,-19.5167,45.4667,80.11,65,2,5.68,MG,2022-04-03 15:39:27
448,Kemijarvi,66.7131,27.4306,24.51,82,100,0.96,FI,2022-04-03 15:39:27
449,Cesinovo,41.8714,22.2892,50.68,58,94,3.96,MK,2022-04-03 15:39:28
450,Altay,47.8667,88.1167,37.08,59,77,7.2,CN,2022-04-03 15:39:28
451,Batticaloa,7.7102,81.6924,81.27,75,21,5.97,LK,2022-04-03 15:39:28
452,Klaksvik,62.2266,-6.589,47.32,98,100,19.46,FO,2022-04-03 15:39:29
453,Juneau,58.3019,-134.4197,37.22,95,100,36.82,US,2022-04-03 15:39:29
454,Camacha,33.0833,-16.3333,56.62,88,75,18.41,PT,2022-04-03 15:39:29
455,Formosa,-26.1775,-58.1781,80.58,74,100,12.66,AR,2022-04-03 15:39:30
456,Bafq,31.6128,55.4107,80.31,9,26,4.56,IR,2022-04-03 15:39:30
457,Fortuna,40.5982,-124.1573,47.93,92,100,4.61,US,2022-04-03 15:39:30
458,Chernyshevskiy,63.0128,112.4714,9.5,97,98,4.83,RU,2022-04-03 15:39:30
459,Homer,59.6425,-151.5483,34.81,85,100,3.44,US,2022-04-03 15:35:14
460,Mengcheng,33.2579,116.5655,48.07,66,52,7.76,CN,2022-04-03 15:39:31
461,Bangkalan,-7.0455,112.7351,76.95,83,35,2.1,ID,2022-04-03 15:39:31
462,Saint-Augustin,51.226,-58.6502,35.71,100,100,16.37,CA,2022-04-03 15:39:31
463,Soyo,-6.1349,12.3689,82.58,77,98,6.2,AO,2022-04-03 15:39:32
464,Comodoro Rivadavia,-45.8667,-67.5,58.86,29,0,19.57,AR,2022-04-03 15:39:32
465,Wajir,1.7471,40.0573,96.76,30,20,0.0,KE,2022-04-03 15:39:32
466,Puerto Leguizamo,-0.1934,-74.7819,75.24,90,100,1.32,CO,2022-04-03 15:37:22
467,Henties Bay,-22.116,14.2845,62.73,79,7,9.37,NA,2022-04-03 15:37:13
468,Weatherford,32.7593,-97.7972,73.96,54,0,3.0,US,2022-04-03 15:39:33
469,Vilhena,-12.7406,-60.1458,80.82,69,75,5.75,BR,2022-04-03 15:39:33
470,Orda,57.1951,56.9091,39.78,99,100,16.55,RU,2022-04-03 15:39:33
471,Hualmay,-11.0964,-77.6139,73.49,73,29,8.34,PE,2022-04-03 15:39:34
472,Savannah Bight,16.45,-85.85,79.86,77,2,17.43,HN,2022-04-03 15:39:34
473,Bayanday,53.0661,105.5139,20.93,93,100,2.86,RU,2022-04-03 15:39:34
474,Dawlatabad,36.4141,64.9053,68.83,27,2,7.74,AF,2022-04-03 15:39:34
475,Ambon,-3.6954,128.1814,78.94,83,40,8.05,ID,2022-04-03 15:39:35
476,Ust-Kut,56.7938,105.7672,7.12,98,58,3.18,RU,2022-04-03 15:39:35
477,Nadym,65.5333,72.5167,10.09,88,86,10.4,RU,2022-04-03 15:39:35
478,Sal Rei,16.1833,-22.9167,75.4,57,40,12.66,CV,2022-04-03 15:39:36
479,Aubenas,44.6201,4.3899,45.16,54,100,10.83,FR,2022-04-03 15:39:36
480,Gambela,8.25,34.5833,90.09,37,91,3.4,ET,2022-04-03 15:39:36
481,Dhidhdhoo,6.8833,73.1,83.7,69,20,2.66,MV,2022-04-03 15:37:37
482,Chunhuhub,19.55,-88.6833,89.78,44,97,4.81,MX,2022-04-03 15:39:36
483,Muros,42.7762,-9.0603,56.08,49,29,18.63,ES,2022-04-03 15:39:37
484,Agirish,61.9247,63.0231,26.02,96,100,14.36,RU,2022-04-03 15:39:37
485,Cabo Rojo,18.0866,-67.1457,88.09,66,0,8.99,PR,2022-04-03 15:39:37
486,Meridian,43.6121,-116.3915,51.33,43,0,11.5,US,2022-04-03 15:35:51
487,Russell,32.3502,-85.1999,69.96,44,0,8.05,US,2022-04-03 15:39:38
488,Mongagua,-24.0931,-46.6208,82.65,75,33,7.27,BR,2022-04-03 15:39:38
489,Opuwo,-18.0607,13.84,73.8,64,79,7.85,NA,2022-04-03 15:39:38
490,Kampene,-3.6,26.6667,72.73,96,85,0.6,CD,2022-04-03 15:39:38
491,Usogorsk,63.4106,48.6872,25.83,95,100,10.45,RU,2022-04-03 15:39:39
492,Barcelos,41.5388,-8.6151,61.68,39,69,0.78,PT,2022-04-03 15:39:05
493,Songea,-10.6833,35.65,67.6,87,45,2.64,TZ,2022-04-03 15:35:25
494,Srednekolymsk,67.45,153.6833,-19.19,100,73,1.7,RU,2022-04-03 15:39:39
495,Nioro,13.35,-15.75,97.47,16,98,8.28,GM,2022-04-03 15:39:39
496,Preobrazheniye,42.9019,133.9064,37.27,82,0,8.12,RU,2022-04-03 15:39:40
497,Neutraubling,48.9833,12.2,39.31,54,99,1.99,DE,2022-04-03 15:39:40
498,Ndjole,-0.1783,10.7649,89.67,58,79,4.18,GA,2022-04-03 15:39:40
499,Meiganga,6.5167,14.3,93.33,20,79,7.34,CM,2022-04-03 15:39:41
500,Hayvoron,48.3396,29.8679,40.77,72,100,12.71,UA,2022-04-03 15:39:41
501,Qui Nhon,13.7667,109.2333,71.4,86,100,19.42,VN,2022-04-03 15:39:41
502,Bismarck,46.8083,-100.7837,31.86,92,100,11.5,US,2022-04-03 15:37:22
503,Youghal,51.95,-7.8506,53.1,64,60,11.36,IE,2022-04-03 15:39:42
504,Namatanai,-3.6667,152.4333,79.07,83,100,2.71,PG,2022-04-03 15:39:42
505,Choya,52.0108,86.5467,38.7,96,100,3.53,RU,2022-04-03 15:39:42
506,Vila,42.0304,-8.1588,49.08,38,57,11.92,PT,2022-04-03 15:39:42
507,Aksha,50.2814,113.2867,31.77,50,96,11.54,RU,2022-04-03 15:39:43
508,Kingsport,36.5484,-82.5618,56.25,41,20,16.11,US,2022-04-03 15:39:43
509,Bogovarovo,58.9785,47.0246,28.85,94,99,8.01,RU,2022-04-03 15:39:44
510,Tulle,45.3333,1.8333,37.54,57,100,7.52,FR,2022-04-03 15:39:44
511,Alkhan-Churt,43.35,44.78,69.26,53,85,5.12,RU,2022-04-03 15:39:44
512,Concarneau,47.875,-3.9225,52.83,49,93,5.01,FR,2022-04-03 15:39:44
513,Flinders,-34.5833,150.8552,62.38,73,60,4.0,AU,2022-04-03 15:39:46
514,Rosarito,32.3333,-117.0333,60.1,77,100,3.51,MX,2022-04-03 15:39:46
515,Huanren,41.2647,125.3667,39.97,75,23,5.28,CN,2022-04-03 15:39:46
516,Calama,-22.4667,-68.9333,70.29,12,0,8.05,CL,2022-04-03 15:39:47
517,Matagami,49.7502,-77.6328,37.51,75,100,5.75,CA,2022-04-03 15:39:47
518,Arlit,18.7369,7.3853,106.38,3,3,1.88,NE,2022-04-03 15:36:36
519,Yinchuan,38.4681,106.2731,54.73,12,92,2.8,CN,2022-04-03 15:39:47
520,Halifax,44.6453,-63.5724,46.69,49,43,3.44,CA,2022-04-03 15:39:47
521,Kyra,49.5776,111.9753,30.42,69,86,3.0,RU,2022-04-03 15:39:48
522,Kenora,49.8167,-94.4337,29.37,80,100,0.0,CA,2022-04-03 15:39:48
523,Tukrah,32.5341,20.5791,65.52,63,1,24.05,LY,2022-04-03 15:39:48
524,Jejuri,18.2833,74.1667,84.02,40,94,11.74,IN,2022-04-03 15:39:49
525,Awjilah,29.1081,21.2869,90.75,9,0,11.12,LY,2022-04-03 15:39:49
526,Bure,10.7,37.0667,74.71,30,86,3.42,ET,2022-04-03 15:39:49
527,Shilong,23.1123,113.8425,68.0,50,0,3.38,CN,2022-04-03 15:39:50
528,Barbalha,-7.3111,-39.3042,85.8,62,20,9.22,BR,2022-04-03 15:34:53
529,Lobez,53.6392,15.6213,45.68,44,97,8.99,PL,2022-04-03 15:39:50
530,Iquitos,-3.7481,-73.2472,75.24,83,75,6.91,PE,2022-04-03 15:38:22
531,Pangai,-19.8,-174.35,81.1,75,10,10.07,TO,2022-04-03 15:39:50
532,Jishu,44.3167,126.8,49.71,35,0,19.39,CN,2022-04-03 15:39:51
533,Brae,60.3964,-1.353,42.22,95,100,20.4,GB,2022-04-03 15:39:51
534,Tilichiki,60.4667,166.1,7.61,91,100,6.82,RU,2022-04-03 15:39:51
535,Gorontalo,0.5412,123.0595,76.19,96,99,3.65,ID,2022-04-03 15:39:52
536,Cascais,38.6979,-9.4215,66.51,26,20,13.8,PT,2022-04-03 15:39:52
537,Ruidoso,33.3317,-105.673,66.06,18,0,3.44,US,2022-04-03 15:39:52
538,Rayong,12.8333,101.4333,76.78,73,100,8.21,TH,2022-04-03 15:39:52
539,Lukovetskiy,64.2956,41.9211,21.7,92,98,3.0,RU,2022-04-03 15:39:53
540,Callaway,30.153,-85.5699,73.9,48,0,11.99,US,2022-04-03 15:39:53
541,Marsh Harbour,26.5412,-77.0636,77.34,74,47,13.56,BS,2022-04-03 15:39:53
542,Alexandria,31.2156,29.9553,79.34,41,67,9.22,EG,2022-04-03 15:36:02
543,Ammon,43.4696,-111.9666,40.95,58,0,5.75,US,2022-04-03 15:39:54
544,Corozal,9.3151,-75.2928,87.19,59,83,6.02,CO,2022-04-03 15:37:57
545,Carballo,43.213,-8.691,56.55,66,23,13.49,ES,2022-04-03 15:39:54
546,Daru,-9.0763,143.2092,79.03,81,81,7.78,PG,2022-04-03 15:39:54
547,Sao Filipe,14.8961,-24.4956,71.31,75,31,11.5,CV,2022-04-03 15:39:55
548,Kisangani,0.5167,25.2,81.18,69,93,2.42,CD,2022-04-03 15:39:55
549,Baarle-Hertog,51.4041,4.8916,47.97,60,100,10.0,BE,2022-04-03 15:39:55
550,Darhan,49.4867,105.9228,33.82,61,49,4.63,MN,2022-04-03 15:39:55
551,Qandala,11.472,49.8728,82.76,58,37,2.13,SO,2022-04-03 15:39:56
552,Alcala De Henares,40.4821,-3.36,54.28,31,20,16.11,ES,2022-04-03 15:37:19
553,Bacolod,10.6667,122.95,78.22,85,60,10.29,PH,2022-04-03 15:39:25
554,Lingao,19.9103,109.6859,65.46,69,79,11.7,CN,2022-04-03 15:39:56
555,Port Lincoln,-34.7333,135.8667,60.48,81,27,4.47,AU,2022-04-03 15:36:52
556,Bud,39.447,-86.1758,51.48,78,2,8.77,US,2022-04-03 15:39:57
557,Athabasca,54.7169,-113.2854,28.81,70,21,9.44,CA,2022-04-03 15:39:57
558,Vostok,46.4856,135.8833,28.9,82,0,7.07,RU,2022-04-03 15:39:57
559,Saint-Joseph,-21.3667,55.6167,73.78,86,96,13.04,RE,2022-04-03 15:39:58
560,Belmonte,-15.8631,-38.8828,84.07,63,9,7.49,BR,2022-04-03 15:39:58
561,Ayan,56.45,138.1667,25.93,96,100,15.39,RU,2022-04-03 15:39:58
562,Takoradi,4.8845,-1.7554,87.37,67,94,15.66,GH,2022-04-03 15:39:58
563,Talaya,61.3833,152.75,-8.57,99,95,2.19,RU,2022-04-03 15:39:59
